{
  "fecha": "16/05/25",
  "fx": {
    "BRL=X": 5.667699813842773,
    "CLP=X": 943.6300048828125,
    "COP=X": 4170.5,
    "KRW=X": 1398.0999755859375,
    "ZAR=X": 18.031200408935547,
    "INR=X": 85.552001953125,
    "MXN=X": 19.451000213623047,
    "PEN=X": 3.686199903488159,
    "PLN=X": 3.819999933242798,
    "CZK=X": 22.284000396728516,
    "RUB=X": 80.875,
    "THB=X": 33.22999954223633,
    "TRY=X": 38.852699279785156,
    "HUF=X": 360.5,
    "ILS=X": 3.5504000186920166,
    "DX-Y.NYB": 100.97699737548828,
    "ARS=X": 1142.0,
    "CNY=X": 7.208499908447266,
    "IDR=X": 16434.0,
    "MYR=X": 4.291999816894531
  },
  "crudo": {
    "WTI": 62.4900016784668,
    "Brent": 65.38999938964844
  },
  "oro": {
    "Gold": 3205.300048828125
  },
  "tasas": {
    "USY": 4.440999984741211
  },
  "indices": {
    "S&P 500": 5958.3798828125,
    "Dow Jones": 42654.73828125,
    "Nasdaq": 19211.1015625,
    "IPC México": 57987.140625,
    "Bovespa Brasil": 139187.390625,
    "FTSE 100 UK": 8684.5595703125,
    "DAX Alemania": 23767.4296875,
    "CAC 40 Francia": 7886.68994140625,
    "Nikkei Japón": 37753.71875,
    "Hang Seng": 23345.05078125,
    "Shanghai Comp.": 3367.4619140625,
    "Kospi Corea": 2626.8701171875,
    "Sensex India": 82330.59375,
    "ASX 200 Australia": 8343.7001953125
  }
}