{
  "fecha": "15/05/25",
  "fx": {
    "BRL=X": 5.681700229644775,
    "CLP=X": 937.8300170898438,
    "COP=X": 4202.47021484375,
    "KRW=X": 1394.47998046875,
    "ZAR=X": 18.01259994506836,
    "INR=X": 85.26300048828125,
    "MXN=X": 19.489980697631836,
    "PEN=X": 3.680799961090088,
    "PLN=X": 3.792840003967285,
    "CZK=X": 22.250999450683594,
    "RUB=X": 79.85099792480469,
    "THB=X": 33.099998474121094,
    "TRY=X": 38.81660079956055,
    "HUF=X": 359.2900085449219,
    "ILS=X": 3.5513999462127686,
    "DX-Y.NYB": 100.68900299072266,
    "ARS=X": 1137.5,
    "CNY=X": 7.200900077819824,
    "IDR=X": 16404.0,
    "MYR=X": 4.264999866485596
  },
  "crudo": {
    "WTI": 61.63999938964844,
    "Brent": 64.5
  },
  "oro": {
    "Gold": 3210.300048828125
  },
  "tasas": {
    "USY": 4.454999923706055
  },
  "indices": {
    "S&P 500": 5916.93017578125,
    "Dow Jones": 42322.75,
    "Nasdaq": 19112.3203125,
    "IPC México": 57959.71875,
    "Bovespa Brasil": 139334.0,
    "FTSE 100 UK": 8633.7998046875,
    "DAX Alemania": 23695.58984375,
    "CAC 40 Francia": 7853.47021484375,
    "Nikkei Japón": 37659.390625,
    "Hang Seng": 23257.779296875,
    "Shanghai Comp.": 3362.614013671875,
    "Kospi Corea": 2623.989990234375,
    "Sensex India": 82530.7421875,
    "ASX 200 Australia": 8350.900390625
  }
}